71616;Animals;Fishes;Humans;Female;Aged
83942;Humans;Adult;Female;Male
85186;Humans;Adult;Female
85872;Humans;Adult;Female;Male
214657;Humans;Adult
314074;Humans;Middle Aged;Adult;Female
323461;Humans;Adult;Female;Male
363052;Humans;Adult;Male
406701;Animals;Fishes;Humans;Adolescent;Adult;Female;Male
427007;Humans;Adult;Female
438273;Humans;Middle Aged;Female
445958;Humans;Female;Male;Aged
463881;Humans;Adult;Female
496127;Humans;Adult;Male
501875;Humans;Adult;Female
512843;Humans;Adolescent;Adult;Male
520399;Humans;Adult;Female;Male
558210
564228;Humans
569766;Humans
571023;Animals;Fishes;Humans;Middle Aged;Adult;Female;Male;Aged
581516;Animals;Humans;Child, Preschool;Infant
589392;Humans;Adult;Male
637437;Humans;Adult;Female
647881;Humans;Adult
665675;Humans
758247;Humans;Adult;Female;Male
780287;Humans;Adult;Female;Male
838114;Humans;Adult
872490;Humans;Adult;Male
872491;Humans;Adult;Female;Male
970990;Humans;Middle Aged;Adult;Female;Male
991535;Humans;Adult;Male
1036443;Animals;Female;Mice
1167931;Humans
1195132;Animals;Male;Mice;Mice, Inbred ICR
1215448;Humans;Adult;Female;Male
1241098;Animals;Male;Mice
1297641;Humans;Middle Aged;Adult;Female;Male
1335461;Humans;Middle Aged;Adult;Female;Male
1351673;Humans
1404208;Humans;Middle Aged;Male
1424410;Humans;Male
1468429;Humans;Adult;Male
1476449;Humans
1483487;Humans;Adult;Female;Male
1577050;Humans;Middle Aged;Adult;Male
1605619;Animals;Humans;Adult;Female;Male
1612815;Animals;Ethnic Groups;Swine;Humans;Adolescent;Adult;Female
1621740;Humans;Adult;Child
1656742;Humans;Middle Aged;Adolescent;Aged, 80 and over;Child, Preschool;Adult;Female;Male;Aged;Child
1662623;Humans
1672944;Humans
1672990;Humans;Adolescent;Adult;Female
1679514;Humans;Middle Aged;Female
1681621
1683458;Humans
1706804;Humans;Middle Aged;Adult;Female;Male
1748529;Humans;Middle Aged;Adult;Female;Male
1752235;Humans;Adult;Male
1766062;Humans;Adult;Male
1772462;Humans
1774159;Humans;Adolescent;Adult;Female;Male;Aged
1780961;Humans;Adult;Female;Male
1781863;Humans
1797525;Animals;Rats;Male
1912131;Humans;Adult;Female
1914371;Humans;Adult;Female;Male
1914375;Humans;Adult;Male
1934862;Animals;Humans;Adult;Female;Male
1934866;Humans;Adult;Female;Male
1956499;Humans
1981783;Humans;Adult;Male
1988422;Humans
2042654;Humans;Middle Aged;Adult;Male
2045759;Humans;Middle Aged;Adult;Female;Male;Aged
2049250;Humans;Adult;Male
2051716;Animals;Rats;Female;Rats, Inbred Strains
2058471;Humans;Male
2065699;Humans;Middle Aged;Adult;Male
2065700;Humans;Adult;Male
2066050;Humans;Adult;Female;Male
2069371;Humans;Adult;Male
2071262;Humans;Adult;Male
2091623;Humans;Adult;Male
2099431;Humans;Middle Aged;Adult;Female;Male
2106407;Humans;Female;Aged
2107985;Humans;Middle Aged;Adult;Female;Male;Aged
2112643;Humans;Adult;Male
2114955;Humans;Middle Aged;Male;Aged
2122025;Animals;Humans;Rats
2122422;Humans;Adult;Male
2171446;Humans;Adult;Female;Male
2177401;Humans;Male
2200264;Humans
2253583;Humans;Adult;Male
2271748;Humans;Adult;Female;Male
2285293;Humans;Adult;Female;Male
2311339;Humans;Adult;Male
2338118;Animals;Humans;Middle Aged;Male;Aged
2352608;Humans;Aged, 80 and over;Male;Aged
2353062;Rabbits;Animals
2357862;Humans;Adult;Female;Male
2360879;Rabbits;Animals;Humans;Middle Aged;Adult;Female;Male
2396245;Animals;Swine;Humans
2450251;Humans;Adult;Male
2492043;Humans;Aged, 80 and over;Female;Aged
2496251;Humans;Adult;Male
2501937;Humans;Adult;Male
2506806;Humans;Adult;Male
2510372;Humans;Adult;Male
2527534;Humans;Adolescent;Adult
2565585;Humans;Middle Aged;Female;Male
2580171;Humans;Middle Aged;Adult;Female;Male;Aged
2580172;Humans;Middle Aged;Adult;Female;Male
2589383;Humans;Adult;Female;Male
2612087;Humans;Middle Aged;Adult;Male
2613389;Humans;Adult;Male
2663579;Humans;Adult;Female
2666453;Humans
2673623;Humans;Adult;Male
2686430;Humans
2714732;Humans;Middle Aged;Adult;Female;Male
2729942;Humans;Adult;Male
2735334;Humans;Adolescent;Adult;Male
2764304;Humans;Middle Aged;Adult;Male
2767766;Animals;Humans;Adult;Female;Male
2794993;Humans;Adult;Female;Male
2795213;Humans;Middle Aged;Male
2821081;Humans;Adult;Female;Male
2875358;Humans;Aged
2876719;Humans;Middle Aged;Female;Male;Aged
2880045;Humans;Adult;Aged
2901653;Humans;Middle Aged;Female
2913801;Humans;Middle Aged;Female;Aged
2914409;Humans;Middle Aged;Adult;Female;Male;Aged
2929629;Humans;Adult;Female;Male
2938522;Humans
2985676;Humans
3014110;Humans;Adult
3038451;Humans;Adult;Male
3038494;Inpatients;Humans;Middle Aged;Aged, 80 and over;Aged
3040815;Humans;Middle Aged;Adolescent;Adult;Female;Male
3053579;Humans
3085485;Humans;Infant
3100311;Humans;Adult;Female;Male
3110450;Humans;Adult;Male
3116961;Humans;Middle Aged;Female
3121288;Humans;Adult;Female;Male
3127188;Humans;Adult;Female
3189445;Humans;Adult;Female
3220610;Humans;Adult;Female;Male
3228106
3243931;Humans;Adult;Male
3259827;Humans;Middle Aged;Male
3278460;Animals;Humans;Middle Aged;Adult;Male
3283290;Animals;Humans
3338980;Humans;Middle Aged;Adult;Female
3356120;Humans;Adult;Female;Male
3366169;Humans;Middle Aged;Adult;Female;Male
3372933;Humans;Middle Aged;Male
3389610;Humans;Male;Aged
3392235;Humans;Adult;Male
3414579;Animals;Humans;Adult;Female;Infant, Newborn
3460737;Humans;Adult;Male
3475034;Humans
3480885;Humans;Adult;Male
3481318;Humans;Middle Aged;Adult;Male
3499163;Humans;Middle Aged;Adult;Female;Male
3517081;Humans;Adolescent;Adult;Female;Male
3525654;Humans
3541503;Humans;Middle Aged;Adult;Female;Male;Aged
3565796;Humans;Adult;Female;Male
3665325;Humans;Adult;Male
3682151;Humans;Adult;Female
3693341;Humans;Adult;Female
3693584;Humans;Middle Aged;Adult;Male
3720177;Humans;Middle Aged;Adult;Female
3734141;Humans;Adult;Male
3778707;Humans;Middle Aged;Female;Male;Aged
3790404;Humans;Adolescent;Adult;Female;Male;Child
3807390;Humans;Adult
3824426;Humans;Middle Aged;Male
3838321;Animals;Humans
3838971;Animals;Humans;Adult
3877043;Animals;Humans;Rats
3910768;Humans;Middle Aged;Adult;Female;Male;Aged
3948402;Humans;Adult;Male
3988971;Humans;Middle Aged;Female;Male
3998202;Humans;Adult;Female;Male
3998343;Humans;Middle Aged;Female;Male;Aged
4000229;Humans;Adult;Female
4003328;Humans;Female;Infant;Male
4005122;Humans;Adult;Female;Male
4006379;Humans;Adult;Male
4014747;Humans;Middle Aged;Adult;Female;Male;Aged
4029248;Humans;Adult;Female
4042520;Humans;Adolescent;Adult;Female
4064930;Humans;Middle Aged;Adult;Female;Male
4099618;Humans
4909796;Humans;Adult;Female;Male;Child
4964450;Humans
4967225;Humans;Middle Aged;Adult;Male
5104893;Humans;Adult;Male
5132558;Animals;Rats;Female;Rats, Inbred Strains
5304704;Humans;Adult;Male
5676383;Humans;Middle Aged;Adult;Female
5897315;Humans
5948152;Animals;Poultry;Humans
6034391;Humans;Middle Aged;Adolescent;Adult;Female;Male
6091711;Humans;Adult;Female;Male
6097665;Humans;Adult;Male
6112560;Humans;Female
6113376;Humans;Middle Aged;Adult;Female;Male
6116064;Humans;Adult;Female;Male
6124334;Humans;Adult;Male
6129542;Humans;Female;Male
6130074;Humans;Adult;Male
6133016;Humans;Adult;Female
6142202;Humans
6149298
6236021;Humans;Adult;Female
6242951;Humans;Adult;Male
6282000;Humans;Adult;Male
6285814;Humans;Adult;Female;Male
6322675;Humans;Adult;Female;Male
6327318;Humans;Adult;Female;Male
6374311;Humans;Adult;Female;Male
6389377;Humans;Adult;Female;Male
6394124;Animals;Fishes;Humans
6419147;Humans;Adult;Male
6421377;Humans;Middle Aged;Male
6437219;Humans
6438282;Humans;Middle Aged;Adult;Aged
6486489;Humans;Male
6486994;Humans;Adult;Female
6522416;Humans;Adult;Female;Male
6612697;Humans;Middle Aged;Adult;Male
6614033;Humans;Middle Aged;Female;Male;Aged
6626418;Humans;Middle Aged;Adolescent;Adult;Female;Male;Aged
6662173;Humans;Middle Aged;Adult;Male
6678751;Humans;Middle Aged;Adult;Female
6688049;Animals;Humans;Adult;Female;Male
6688407;Animals;Humans;Adult;Female;Male
6692645;Humans;Adult;Male
6723218;Humans;Adult;Female
6734044;Humans;Middle Aged;Adult;Female;Male;Aged
6734698;Humans;Adolescent;Adult;Female
6741669;Humans;Adolescent;Adult;Female
6786635;Animals;Humans;Rats;Female;Male
6794970;Humans;Middle Aged;Female;Male;Aged
6803191;Humans;Adult;Female;Male
6806502;Humans;Middle Aged;Adult;Female;Male
6807440;Humans;Adult;Male
6821036;Humans;Middle Aged;Male
6834589;Humans;Female;Aged
6843604;Humans;Female
6882312;Humans;Adult;Female;Male
6883912;Animals;Cattle;Humans;Adult;Female;Male
6926836;Humans;Adult;Female;Male
6956293;Humans;Female;Male
7040498;Humans;Adolescent;Adult;Male
7053307;Humans;Adult;Male
7076627;Humans
7098543;Humans;Adult;Female;Male
7104169;Humans;Adult;Female;Male
7105982;Humans;Adult
7118763;Humans;Adolescent;Adult;Female;Male
7174567;Humans;Adult;Female;Male
7188722;Animals;Tuna;Fishes;Humans;Middle Aged;Adult;Female;Male
7197483;Humans;Male;Aged
7197984;Animals;Humans;Rats;Male;Rats, Inbred Strains
7212893;Humans;Adult;Female
7237895;Humans;Adolescent;Adult;Female;Male
7270565;Humans;Female;Aged
7274023;Humans;Male
7308273;Humans;Adult;Female;Male
7312071;Humans
7343191;Papio;Animals;Humans;Adult;European Continental Ancestry Group;Female
7359014;Humans;Middle Aged;Adolescent;Adult;Female;Male;Aged
7371698;Humans;Adult;Male
7383081;Humans;Female;Aged
7406391;Humans;Middle Aged;Female
7454487;Humans;Adolescent;Female;Male;Child
7486898;Humans;Adult;Female;Male
7551902;Humans;Male;Aged
7582380;Humans;Adult;Male
7589032;Humans;Adult;Female;Volunteers
7619679;Humans;Middle Aged;Female;Male
7628179;Humans;Adult;Male
7640830;Humans;Adult;Female
7648762;Humans;Adult;Female;Male
7677856;Humans;Adult
7697949;Humans;Adult;Female;Male
7715468;Humans;Middle Aged;Female
7742162;Animals;Humans;Adult;Female;Male
7748990;Humans;Middle Aged;Adult;Female;Male;Aged
7768070;Humans;Adult;Male
7811026;Humans;Adult;Female;Male
7856583;Humans;Adult
7859239;Humans;Adult;Male
7875189;Humans;Adolescent;Adult;Male
7881701;Humans;Middle Aged;Adult;Female;Male;Aged
7955811;Animals;Humans;Adult;Female;Male
7962690;Humans;Adult;Male
7967987;Humans;Middle Aged;Female
7972311;Humans;Adult;Male
7979646;Humans;Adult;Male
7990219;Humans;Middle Aged;Adolescent;Adult;Female;Male;Aged
8004359;Humans;Adult;Male
8039534;Humans;Adult;Female;Male
8049637;Humans;Adult;Male
8061850;Humans;Adult;Aged
8064267;Humans;Adult;Male
8073064;Humans;Adult;Male
8148213;Humans;Middle Aged;Adult;Male
8200332;Animals;Humans;Adult;Female;Male
8218972;Humans;Adult
8275614;Humans;Adolescent;Adult;Male
8364261;Humans;Middle Aged;Aged, 80 and over;Adult;Female;Male;Aged
8365689;Humans;Middle Aged;Adult;Female;Male;Aged
8388198;Humans;Adult;Male
8390020;Humans;Middle Aged;Adult;Female;Male
8391300;Humans;Adult;Female
8395986;Humans;Middle Aged;Male
8453178;Humans;Male;Aged
8513655;Humans;Adult;Male
8521677;Humans;Adult;Female;Male;Aged
8527268;Asian Continental Ancestry Group;Humans;Adult;European Continental Ancestry Group;Female;Male
8540731;Humans;Adult;Male
8549357;Animals;Humans;Female;Male
8549360;Humans;Adult;Female;Male
8554942;Humans;Adult;Male
8562295;Humans;Adult;European Continental Ancestry Group;Male
8601555;Humans;Adult;Female
8602393;Humans;Adult;Female
8607732;Humans;Middle Aged;Female
8612381;Humans;Adult;Female;Male
8617704;Animals;Poultry;Fishes;Humans
8631189;Humans;Adult;Female
8642453;Animals;Humans
8649594;Humans;Adult;Female
8689808;Humans;Adolescent;Adult;Male
8693526;Humans;Middle Aged;Adult;Female;Male;Aged
8728348;Humans;Middle Aged;Adolescent;Adult;Female;Male;Aged
8735685;Humans;Middle Aged;Adult;Female;Male;Aged
8739026;Humans;Male
8751023;Humans;Adult;Male
8787869;Humans;Middle Aged;Aged, 80 and over;Adult;Female;Male;Aged
8813897;Humans;Middle Aged;Adult;Female;Male
8830073;Humans;Male
8851570;Humans;Adult;Male
8866042;Humans;Adult;Male
8869767;Humans;Adult;Female
8881693;Humans;Middle Aged;Female
8911887;Humans;Adult;Male
8925804;Humans;Adult;Female;Male
8926537;Humans;Adult;Male
8929750;Humans;Middle Aged;Adult;Male
8947977;Humans;Adult;Male
8961058;Humans;Middle Aged;Adult;Female;Male;Aged
8971132;Animals;Rats;Male;Rats, Sprague-Dawley
8988067;Humans;Middle Aged;Adult;Female;Male
9002010;Humans;Middle Aged;Adult;Female;Male
9075501;Humans;Middle Aged;Male
9091822;Humans;Male;Aged
9114910;Humans;Middle Aged;Adult;Male
9129557;Humans;Adult;Male
9147710;Humans;Adult
9153347;Humans;Adult;Female;Male
9159606;Humans;Middle Aged;Female
9174684;Humans;Adult;Male
9217843;Humans;Adult;Female
9218932;Humans;Adult;Male
9220063;Animals;Tuna;Humans
9234037;Humans;Middle Aged;Adult;Female;Male
9248771;Humans;Middle Aged;Adult;Male
9315022;Humans;Female
9357093;Humans;Middle Aged;Adult;Female;Male
9385040;Animals;Rats, Wistar;Humans;Middle Aged;Rats;Adult;Female;Male
9399621;Humans;Adult;Female
9414309;Humans;Middle Aged;Adult;Female;Male;Aged
9431825;Humans;Adult;Male
9469677;Humans;Middle Aged;Adult;Female;Male
9518947;Humans;Middle Aged;Female
9545149;Humans;Middle Aged;Adolescent;Adult;Male
9555149
9562133;Humans;Adult;Female;Male
9562227;Humans;Adult;Male
9566982;Humans;Middle Aged;Adolescent;Aged, 80 and over;Adult;Female;Male;Aged;Child
9578182;Humans;Adult;Male
9585793;Humans;Adult;Female;Male
9591935;Humans;Adult;Male
9604823;Humans;Middle Aged;Adolescent;Adult;Female;Male;Aged
9609412;Humans;Middle Aged;Adult;Aged
9620100;Humans;Middle Aged;Adolescent;Aged, 80 and over;Adult;Female;Male;Aged
9620116;Humans;Adult;Female;Male
9625273;Humans;Adult;Female;Male
9633781;Humans;Female;Aged
9660036;Humans;Adult;Male
9696960;Humans;Middle Aged;Aged, 80 and over;Female;Male;Aged
9706183;Humans;Middle Aged;Male;Aged
9738088;Humans;Middle Aged;Adult;Female
9757152;Humans;Middle Aged;Adult;Female;Male
9768962;Humans;Middle Aged;Male
9793589;Humans;Middle Aged;Adult;Female;Male
9793622;Humans;Middle Aged;Adolescent;Adult;Female;Male
9800751;Humans;Adult;Male
9807978;Humans;Adult;Female;Male
9818297;Humans;Middle Aged;Adult;Female
9834039;Humans;Adult;Female;Male
9840238;Humans;Middle Aged;Adult;Female;Male;Aged
9871430;Humans;Adult;Female;Male
9882081;Humans;Middle Aged;Adolescent;Adult;Female;Male
9924842;Humans;Adult;Male
10030529;Humans;Pharmacists
10073324;Humans;Adult;Female;Male;Patient Dropouts
10082701;Humans;Adult;Female
10086430;Humans;Adult;Male
10096255;Humans;Adult;Female;Male
10096258;Humans;Adult;Female;Male
10102468;Humans;Middle Aged;Adult;Female;Male;Aged
10192596;Humans
10217316;Animals;Rats;Male;Rats, Sprague-Dawley
10220126;Humans;Middle Aged;Adult;Female;Aged
10243361;Hospital Volunteers;Humans;Patients
10332534;Humans;Adult;Male
10350016;Humans;Middle Aged;Adult;Male;Aged
10365642;Humans;Adult;Female;Male
10375176;Animals;Rats, Wistar;Rats;Male
10423213;Humans;Middle Aged;Male
10440622;Animals;Humans;Adolescent;Adult;Male
10456490;Humans;Male
10456492;Humans;Adult;Male
10460065;Humans;Adult;Female;Male;Volunteers
10460103;Humans;Adult;Female;Male
10471985;Humans;Middle Aged;Female;Aged
10510161;Humans;Adult;Female;Male
10533874;Humans
10546917;Humans;Adult;Female;Male
10546919;Humans;Adult;Male
10546925;Humans;Adult;Male
10556183;Humans;Adolescent;Child, Preschool;Female;Infant;Male;Child
10568341;Humans
10578942;Humans
10583025;Humans
10594487;Humans;Adult;Male
10606838;Humans;Adult;Male
10610011;Humans;Middle Aged;Adult;Female;Male
10615351;Humans;Adult;Male
10636361;Humans;Middle Aged;Adult;Female;Male;Aged
10638471
10681341;Animals;Humans;Adult;Child
10683008;Humans;Middle Aged;Male
10702883;Humans;Middle Aged;Adult;Male
10706847;Humans;Adult;Male
10740993;Humans;Female;Aged
10741622;Humans;Adult;Female;Male
10759694;Humans;Adult;Male
10852634;Humans
10872652;Humans
10878206;Humans;Adult;Female
10893655;Humans;Adult;Male
10930711;Animals;Humans;Rats
10945313;Humans;Aged, 80 and over;Female;Male;Aged
10968409;Humans;Adult;Female;Male
11002387;Humans;Adult;Female
11009051;Humans;Adult;Female;Male
11049012;Humans;Adult;Female;Male
11061578;Humans;Adult;Female;Male
11069440;Humans;Middle Aged;Adult;Male
11073292;Humans;Middle Aged;Female
11079273;Humans;Adolescent;Female;Male;Child
11103749;Humans;Adult;Female;Male
11108077;Humans;Middle Aged;Male
11117974;Humans;Middle Aged;Adolescent;Adult;Female;Male
11144706;Humans
11161079;Humans;Middle Aged;Male
11161541;Humans;Middle Aged;Adult;Female;Male
11180019;Animals;Humans;Rats;Adult;Male;Rats, Sprague-Dawley
11180020;Humans;Adult;Male
11180034;Humans;Adult;Female;Male
11185412;Humans;Middle Aged;Adult;Female;Male
11194535;Humans;Middle Aged;Aged, 80 and over;Adult;Aged
11203429;Humans;Adult;Female
11206893;Humans;Adult;Male
11214770;Humans;Adult;Male
11214778;Humans;Adult;Female;Male
11231102;Animals;Humans;Rats;Male;Rats, Sprague-Dawley
11257244;Humans;Adult;Female
11269572;Humans;Adolescent;Adult;European Continental Ancestry Group;African Continental Ancestry Group
11276296;Humans
11310527;Humans;Female;Aged
11322025;Humans;Middle Aged;Male
11327742;Humans;Middle Aged;Adult;Female;Male
11347624;Humans;Adult;Female
11352440;Humans;Adult;Male
11356998;Humans;Adult;Male
11361052;Humans;Adult;Male
11365266;Humans
11376916;Humans;Middle Aged;Adult;Female;Male
11410431;Humans;Adult;Female
11426073;Humans;Middle Aged;Adult;Female;Male
11454132;Humans;Middle Aged;Male;Aged
11474706;Humans
11477318;Humans;Adult;Female;Male
11481175;Humans;Adult;Female
11501187;Asian Continental Ancestry Group;Humans
11524501;Humans;Adult;Female
11554427;Animals;Rats, Wistar;Rats;Female;Male
11558205;Humans
11570073;Humans
11673746;Humans
11675844;Humans;Middle Aged;Female
11693229;Humans;Adult;Male
11718495;Humans;Adult;Female;Male
11728055;Humans;Adult;Male
11728770;Humans;Adult;Female
11740713;Humans;Adult;Female;Male
11745911;Humans;Middle Aged;Adult;Female;Male
11753267;Humans;Adult;Female;Male
11762562;Humans;Adult;Female;Male
11763808;Humans;Adult;Female
11791889;Humans;Adult;Male
11797495;Humans;Male;Aged
11823753;Humans;Adult;Female;Male
11823754;Humans;Adult;Male
11871046;Humans;Adult;Female
11906584;Humans
11936572;Humans;Middle Aged;Adult;Female;Male
11953006;Humans;Adult;Female
11956673;Humans;Adult;Female;Male
11959616;Humans;Adult;Male
11966676;Humans
12014354;Humans;Middle Aged;Aged, 80 and over;Male;Aged
12040751;Humans;Adult;Male
12087344;Humans;Adult;Female;Male
12187697;Humans;Middle Aged;Male
12362932;Humans;Adult;Female;Male
12391711;Humans;Middle Aged;Female;Male;Aged
12393786;Humans;Middle Aged;Adult;Female;Male
12394419;Humans;Adult;Female
12404692;Humans;Adult;Female;Male
12451428;Humans;Adult;Male
12452752;Humans;Male;Aged
12463728;Humans;Adult;Male
12472986;Humans;Adult;Female;Male
12482227;Humans;Middle Aged;Male
12495014
12503845;Humans;Adult;Female
12520633;Humans;Adolescent;Adult;Female;Male
12545142;Humans;Middle Aged;Adult;Female;Male
12554137;Humans;Adult;Male
12580002;Animals;Humans;Mice
12580992;Humans;Female;Male
12580993;Humans;Middle Aged;Aged, 80 and over;Adult;Female;Male;Aged
12589390;Humans;Adult;Female;Male
12618710;Humans;Adult;Male
12621384;Humans;Adult;Female;Male
12636154;Humans
12649774;Humans;Adult;Male
12672771;Humans
12677367;Humans;Middle Aged
12680887;Humans;Adult;Male
12695337;Humans;Adult;Female;Male
12757117;Humans;Adult;Female;Male
12773074;Humans;Middle Aged;Male
12782911;Humans;Middle Aged;Adult;Female;Male;Aged
12811362;Humans;Middle Aged;Adult;Female;Male
12818420;Humans;Male;Aged
12825970;Humans;Middle Aged;Female;Male
12845387;Humans;Adult;Female;Male
12891227;Humans;Adult;Female;Male
12906366;Humans;Female;Male
12908854;Humans;Adult;Female;Male
12915954;Humans;Middle Aged;Adolescent;Adult;Female
12921244;Humans;Adult;Female;Male
12940502;Humans;Adult;Female;Male
12942422;Humans;Adult;Female
12959294;Humans;Middle Aged;Adult;Female;Male
12971031;Animals;Humans;Middle Aged;Adult;Female;Male
13309332
13358299;Humans
13359661;Humans;Male
13811223;Humans
13855374
14088308
14100187
14132623
14172385
14214493;Physicians
14254960
14280527;Animals;Fishes
14498173
14567065;Animals;Rats;Male;Rats, Sprague-Dawley
14595580;Animals;Rats, Wistar;Rats;Male
14612100;Humans;Middle Aged;Adolescent;Adult;Female;Male;Child
14616409;Humans;Adult;Male
14616429;Humans;Adolescent;Adult;Female;Male
14629295;Humans;Middle Aged;Female
14653226;Humans;Adult;Male
14663456;Humans;Adult;Female;Male
14684645;Humans;Male;Aged
14713367;Humans;Adult;Female;Male
14717783;Humans;Middle Aged;Aged, 80 and over;Adult;Female;Male;Aged
14725610;Humans;Middle Aged;Adult;Female;Male
14742762;Humans;Female;Aged
14749695;Humans;Adult;Female;Male
14765835;Humans;Male;Aged
14981197;Humans;Adult;Female
15001969;Humans;Adult;Female;Male
15001970;Humans;Adolescent;Adult;Male
15025743;Humans;Adult;Male
15025748;Humans;Middle Aged;Adult;Female;Male
15060505;Humans;Middle Aged;Adolescent;Adult;Female;Male
15060508;Humans;Adult;Male
15089812;Humans;Male
15098799;Humans;Adult;Female;Male
15121490;Humans;Middle Aged;Female;Male
15151167;Humans;Adult;Male
15169710;Humans;Adult;Female
15176651;Humans;Adult;Female;Male;Aged
15179409;Humans;Adolescent;Adult;Female;Male
15186565;Humans;Female;Male
15206993;Humans;Adult;Male
15223879;Humans;Adult;Female
15229464;Humans;Middle Aged;Adult;Female;Male
15231565;Humans;Adult;Female;Male
15238367;Humans;Adult;Female;Male
15292490;Humans;Adult;Female
15307118;Humans;Adult;Female
15329598;Humans;Adult;Female;Male
15344253
15372129;Humans;Adult
15449760;Humans;Female;Aged
15470332;Humans;Middle Aged;Adult;Female;Male
15506876;Humans;Adolescent;Adult;Female
15521566;Humans;Middle Aged;Aged
15521893;Humans;Middle Aged;Adult;Male
15536458;Humans;Adult;Female;Male
15581264;Humans;Adult;Male
15592321;Humans
15592332;Humans;Adult;Female;Male
15608563;Asian Continental Ancestry Group;Humans;Adult;Male
15635366;Humans
15655860;Humans
15673597;Animals;Rats, Wistar;Humans;Rats;Male
15735611;Humans;Middle Aged;Adult;Female;Male
15735617;Humans;Child
15801937;Humans;Adult;Male
15856409;Humans;Middle Aged;Adult;Female;Male
15886802;Humans;Middle Aged;Aged, 80 and over;Adult;Female;Male;Aged
15900287;Humans;Adult;Female;Male
15900292;Humans;Female;Male
15901751;Humans;Adult;Female;Male
15903127;Humans;Adult;Male
15983823;Humans;Adult;Female;Male
16062162;Humans
16100300;Humans;Middle Aged;Adult;Female;Male
16116693;Humans;Female
16120075;Humans;Adult;Female;Male
16122283;Humans;Adult;Female;Male
16133554;Humans;Middle Aged;Adult;Female;Male
16203421
16221754;Humans;Adult;Female;Male
16236039;Humans;Adult;Male
16261361;Humans;Middle Aged;Adult;Female;Male
16305592;Humans;Adult;Female;Male
16388930;Humans;Middle Aged;Female;Male;Aged
16412477;Animals;Humans;Rats;Adult;Female;Male;Rats, Sprague-Dawley
16413247;Humans;Adult;Female;Male
16416305;Humans;Adult;Male
16428919;Humans;Adult;Female;Male
16484565;Humans;Middle Aged;Adult;Female;Male;Aged
16541194;Humans;Adult;Male
16636327;Humans;Female;Aged
16704760;Humans
16772772;Humans;Male;Aged
16923466;Humans;Middle Aged;Male
16941417;Humans;Middle Aged;Female;Male;Aged
17016323
17018502;Humans;Female
17062300;Humans;Adult;Female;Male
17079360;Humans;Adult;Female;Male
17089110;Humans;Middle Aged;Adolescent;Adult;Female;Male
17546822;Humans;Middle Aged;Female
17641611;Humans
18226589
20238900;Humans
20301621
21010059;Humans
21090491;Animals;Female;Male
22282124
25032445
8347123;Animals;Rats
12098842;Humans
14255341
3677487;Humans;Adult;Male
